"b1_est","b1_p","b3_est","b3_p"
0.338098202844255,0,0.0821875111147899,0.0510171380986213
0.28104734279806,6.83897383169096e-14,0.101948010694178,0.0113823802504345
0.293127864446657,6.66133814775094e-16,0.0651860876926934,0.119803349807798
0.331337637085363,0,0.0576577407993711,0.163093014657687
0.283497108948932,1.95399252334028e-14,0.0732151997890983,0.0795849451902348
0.292975994940271,8.88178419700125e-16,0.112022648605984,0.00621116498855878
0.277096233074381,1.4210854715202e-13,0.0506802620496894,0.235911517493544
0.293928947839281,1.33226762955019e-14,0.07646133218568,0.0602579579125768
0.281512248995848,6.06181771445335e-14,0.0633252648638088,0.118513874609832
0.310279071953239,0,0.111992032051169,0.00732047945321579
0.304479254459029,4.44089209850063e-16,0.102068678425099,0.017652306597739
0.31810905824984,0,0.0815594733961821,0.0505443428570898
0.270931649260317,2.74225087082414e-13,0.0562362043420139,0.173804957992339
0.319799514335346,0,0.0310199875394561,0.455490213216181
0.247726524876581,1.00308428230278e-10,0.0902956043429837,0.0278543998875922
0.258340724172249,4.71045424887961e-12,0.14323652799547,0.00036939233941724
0.24627665028514,2.03009831167833e-10,0.124852924421959,0.00240007601257708
0.316054661328835,0,0.071488997884862,0.088931559998545
0.3032405498688,2.22044604925031e-16,0.0424398307398576,0.31930348787755
0.320706541555652,0,0.103486557000216,0.0113439140940841
0.338119219782077,0,0.0840876799270998,0.042916109746074
0.282071738185019,7.061018436616e-14,0.0250382968502339,0.543374905226365
0.325828377671457,0,0.101487006209139,0.0202923205076004
0.286790761926814,3.21964677141295e-14,0.0855696234994678,0.0372668959691653
0.316806560858989,0,0.100547628039418,0.0156648423223196
0.280534952234206,1.4521717162097e-13,0.0393215344904084,0.358747419575081
0.273656808490414,9.61453139325386e-14,0.0724948495297231,0.0697161369041619
0.288006379034216,3.70814490224802e-14,0.109722695186471,0.00986307182969903
0.286269583883325,6.88338275267597e-15,0.0460040108197508,0.261321887980158
0.25533867224046,1.07895914425171e-11,0.0521560107253748,0.208198580458494
0.265459455349017,3.84492437888184e-12,0.0869363676059963,0.0406865396458764
0.299265135144734,4.44089209850063e-16,0.0729427854574425,0.0729422977994316
0.312231113402791,0,0.0892274785094355,0.033760217045304
0.296191689074985,1.55431223447522e-15,0.090776276982418,0.0296971163839108
0.307005062414366,4.44089209850063e-16,0.113242392886082,0.00635170095150572
0.300558125772585,1.55431223447522e-15,0.0891861078027095,0.0292294045699029
0.293672635299913,2.88657986402541e-15,0.0711384476729753,0.0900940600697828
0.296324689262624,6.66133814775094e-16,0.0765997185108484,0.0673703202738694
0.29955245925608,8.88178419700125e-16,0.0901581940184286,0.0236252380370343
0.307099631134208,0,0.0719839476839042,0.0761668772820401
0.298839461556561,2.22044604925031e-16,0.0957217286281604,0.0207557327290329
0.29493414355933,1.33226762955019e-15,0.0696535818427811,0.0886047258822074
0.292920770201489,1.11022302462516e-15,0.0421674155534119,0.313063152698349
0.296956795211626,6.66133814775094e-16,0.0988712335055299,0.0177541910544412
0.263278935205138,3.11062287039476e-12,0.102644709789089,0.0133150177366637
0.318289540155189,0,0.101913780425213,0.0164237070456255
0.288497574656678,1.73194791841524e-14,0.0608600694850426,0.14418930269698
0.304700672544296,4.44089209850063e-16,0.0719561530762607,0.0815855210042939
0.306910447649966,2.22044604925031e-16,0.0869149447727249,0.0403423599454522
0.303849482802938,0,0.0723926064278521,0.08351686745327
0.284226448910128,6.59472476627343e-14,0.0387898197437221,0.359573237961573
0.258253001830415,6.98152646805283e-12,0.0672652597534504,0.10445509167683
0.29068464772963,4.66293670342566e-15,0.0381289561611499,0.364251720391492
0.282056141906543,6.10622663543836e-14,0.0692124835187873,0.0987332280033324
0.301875267122649,0,0.0321358565036549,0.445689583488714
0.328383320237022,0,0.089640890623006,0.0280731548285458
0.315659903162056,2.22044604925031e-16,0.0698831161126463,0.0970422310869816
0.230296977114273,3.28117710779452e-09,0.0856360201242729,0.0353851867698463
0.318095460093624,0,0.0631656541881429,0.135159442978774
0.318768256293805,0,0.127270948626288,0.00191317285777348
0.295164347162743,2.66453525910038e-15,0.0629635538498445,0.129019862370693
0.296573544960031,6.43929354282591e-15,0.0317283208468869,0.449085439900655
0.292094320252601,3.77475828372553e-15,0.0698095143022405,0.0890233200558501
0.265420533874006,2.11719530796017e-12,0.130664546428756,0.00129057638927055
0.314774182284806,0,0.0343770474900966,0.408884602243027
0.27923317621316,7.37188088351104e-14,0.124518936720584,0.00181197411420175
0.264297365293014,8.26450019530967e-13,0.0800606609155487,0.0550127360771357
0.297750193143807,6.66133814775094e-16,0.0819508840835863,0.0536617474269447
0.234585952937329,4.01103150693416e-10,0.0971492561315293,0.0160140794988399
0.27279063187026,1.45439216225896e-13,0.138773103899382,0.000675565016184487
0.320669751642735,0,0.136098324652327,0.000917377724222623
0.303269178877206,2.22044604925031e-16,0.0946642183885351,0.0204403523845791
0.293163944268833,3.10862446895044e-15,0.0862584388752405,0.0384020793724364
0.279560382387439,1.90292226420752e-13,0.0923481555476722,0.0208311542808921
0.285159874460767,1.17683640610267e-14,0.10502161306889,0.0107221094655072
0.318246581833782,0,0.105545277678018,0.00937484030995828
0.283589185271867,6.21724893790088e-15,0.0879199380090204,0.0323930402681252
0.303140011982059,4.44089209850063e-16,0.0861618842292124,0.037726550830931
0.31812850197343,0,0.0850812611161702,0.0392952781823435
0.327243788904581,0,0.0901308194677429,0.033460944531913
0.261037661657293,6.83209044893829e-12,0.100021201507736,0.0170260168209901
0.311356876571008,0,0.080320967199536,0.0440190946868777
0.287028000235645,1.15463194561016e-14,0.0843875776520392,0.0411602804543092
0.275915415935741,4.40092406961412e-13,0.0428773553587229,0.284634595569336
0.362213633267731,0,0.107614055462779,0.00728008193653351
0.351525791551668,0,0.0800300529149861,0.0685492275580892
0.286395734879861,1.04360964314765e-14,0.0973173986289082,0.018727099069823
0.295946681526053,7.7715611723761e-15,0.0565864981152373,0.164030907534399
0.281480629599654,6.32827124036339e-14,0.101542521684049,0.0109317308506747
0.318133728594831,0,0.0613455066842744,0.135054202020521
0.282708798991401,7.90478793533111e-14,0.0611122786752084,0.13628180119026
0.264311151638552,1.78257408833815e-12,0.0819954329412309,0.053152056754215
0.339737670557015,0,0.10002100263269,0.0137976674566234
0.305855649477294,0,0.0826002545155312,0.0453375022062346
0.27128017862087,4.49196235763338e-13,0.0743466637601147,0.0741917843266158
0.316819721029197,0,0.102822118306635,0.0112546633419988
0.257265684968751,8.37796498842636e-12,0.029000312614139,0.490765976982775
0.303699708809142,1.11022302462516e-15,0.0754183887579171,0.0705914402338079
0.313605954969362,0,0.074614711668841,0.0733975384204599
0.360009082139116,0,0.0611158606122665,0.140801344666584
0.301826982477247,1.55431223447522e-15,0.0672501296422667,0.10385884707353
0.272179988876336,1.59428026336172e-13,0.066674340253617,0.104271208189656
0.316197331920968,0,0.0808019695114051,0.0521850884182109
0.305006111002723,0,0.0746884273529613,0.072252487606689
0.305200617863798,4.44089209850063e-16,0.0498654863360208,0.231424702933063
0.264684551451414,2.87858625824811e-12,0.116668521424016,0.00489260545994652
0.285977075767635,1.22790666523542e-13,0.0733096490165834,0.0777945896160446
0.309434249517256,0,0.0863100636235545,0.0355556123470842
0.306511903178608,2.22044604925031e-16,0.114433006611098,0.00491776247529274
0.27354948505022,2.90878432451791e-13,0.0891189376127703,0.0320317858921186
0.304667389127945,3.33066907387547e-15,0.0928296853311685,0.0216741139866035
0.327137807199778,0,0.0900485473023218,0.0304939175916095
0.272867666347105,1.02784447619797e-12,0.117888199645448,0.00337565182968547
0.236983127546663,2.76212164251888e-10,0.0623685107503951,0.135571238234215
0.295542122717637,8.43769498715119e-15,0.0583118122240635,0.167110265912679
0.311268913901243,0,0.076137455132247,0.0604159197767715
0.276913004977684,2.1138646388863e-13,0.0931895278773148,0.0254993119677218
0.28108765086756,9.68114477473137e-14,0.110855007386487,0.0073971855096
0.270045501370716,1.43485223702555e-12,0.064883190737571,0.114254827756265
0.309955715417717,2.22044604925031e-16,0.047564757067782,0.269967422199036
0.301448316686997,0,0.0831106766729178,0.0408876731421015
0.35277603548493,0,0.0759959149803959,0.0643521651822496
0.301512283582765,2.22044604925031e-16,0.0706060976801786,0.0873379732879855
0.332452101147036,0,0.0623562399218448,0.126560128432226
0.25381828734776,1.25606192113992e-11,0.0809976957410022,0.0546789568778037
0.304216863026462,8.88178419700125e-16,0.0875213132524267,0.0414699533357787
0.304083609130259,0,0.128079907576634,0.00187453975672702
0.282858033669953,6.08402217494586e-14,0.0857443346152594,0.0355593565533945
0.261812518808971,2.4606983117792e-12,0.0843714629269274,0.0400234190582727
0.303882369860005,4.44089209850063e-16,0.0877417676858736,0.0352255593088482
0.315899551498132,0,0.100254720974777,0.0125133352947244
0.27217139965216,4.13002965160558e-13,0.0652994378388057,0.106303139846226
0.251215021565815,4.08264533291458e-11,0.0719507035068075,0.0827993980098218
0.280238712334691,3.5527136788005e-14,0.0613736977020783,0.138971304621737
0.273422534076137,2.8110846983509e-13,0.0953493296092957,0.0173324050100194
0.252970201628203,2.70885536224341e-11,0.0882062666948454,0.0279190346728648
0.302722145378125,0,0.098395724804215,0.0149885020256582
0.267686303153294,1.4344081478157e-12,0.0917139065677115,0.0293360805692213
0.256720509822487,2.04343209020408e-11,0.103179672292612,0.0147607564299572
0.226889910522588,5.9121425532993e-09,0.0991086895243194,0.0166217554013772
0.312678119160886,0,0.0792710774199582,0.0610399595117797
0.325974225503856,0,0.0724503309074589,0.0858329347420992
0.272427971037216,3.53272966435725e-13,0.097501937700106,0.0173761953286937
0.264657644344698,1.74327219326642e-12,0.09761040201864,0.0193151818396176
0.324279776159436,0,0.101294679132003,0.0178258741337285
0.241181117334916,1.86407334012983e-10,0.101313044242057,0.0152541530309471
0.283532634989406,7.88258347483861e-14,0.113484190226744,0.00590125105012107
0.305308296404887,0,0.0588930664524451,0.161510571734762
0.28981704686438,6.66133814775094e-15,0.0981797715409397,0.0170964764122539
0.298918544125348,1.33226762955019e-15,0.0382504704546008,0.347884811215408
0.269864885796085,4.36095604072761e-13,0.0659952373724435,0.11260506675103
0.306521523986049,2.22044604925031e-16,0.080542208203859,0.0544964918472084
0.291962821040693,1.77635683940025e-15,0.0652342739041361,0.116018211122372
0.249041019938289,3.47277762102749e-11,0.0693868886486299,0.0839679628807133
0.277870924036663,4.86277684785819e-14,0.0791036883100649,0.0543368402643705
0.280152616433166,6.86117829218347e-14,0.0839998691523393,0.0429962129429999
0.318341335455144,0,0.0818104182707875,0.0424893738535221
0.286455638923259,2.62012633811537e-14,0.0664501813845258,0.107428614806137
0.265130366759116,3.53161944133262e-12,0.0621939158174427,0.112633903801175
0.316957325232168,0,0.0805558856940256,0.0478776101919181
0.262674535126942,4.19664303308309e-13,0.0442068221923152,0.280859649198231
0.324786348531057,0,0.0901480016729273,0.0286211816361113
0.321418570127647,0,0.0954952896258094,0.02179847213938
0.302909765713079,6.66133814775094e-16,0.0670843533685333,0.110062233487374
0.255109194838765,4.67403893367191e-12,0.0913414155738358,0.0268730674704654
0.299934913484921,2.22044604925031e-16,0.077416171445877,0.0541477357106881
0.326423416164436,0,0.0712858768322332,0.0967180805863086
0.28278547629573,1.42774680966795e-13,0.0951620113240036,0.0273072645638197
0.279368812156543,1.28785870856518e-14,0.113447407957412,0.00507006987173542
0.303660684028897,2.22044604925031e-16,0.0861858985898461,0.0437225567990132
0.314203495738007,0,0.078070097716641,0.0556702778670093
0.26571339805922,9.75441949435663e-13,0.0858324055470188,0.0430095123256906
0.28863572950936,1.86517468137026e-14,0.0272876389645134,0.512817456910321
0.297019141541204,4.21884749357559e-15,0.0755330531092711,0.0691833625442482
0.283876354365244,2.90878432451791e-14,0.145339359428612,0.000449385085883769
0.338554523143434,0,0.0665364407872941,0.111604193940924
0.280415375731657,2.73114864057789e-14,0.0601661848920584,0.146345722109777
0.313449522107043,0,0.0653835504457799,0.115222012045371
0.278857755066961,3.01314528883267e-13,0.113313065273033,0.00785851044523289
0.269774368178912,4.53637127861839e-13,0.0387766493702541,0.363536452809027
0.312142440545687,0,0.107105559305846,0.0101170364020948
0.340676407860753,0,0.0677619796604743,0.102938437605854
0.301185514285438,6.66133814775094e-16,0.108752979322762,0.00800562374439617
0.258040234522669,2.00910399428267e-11,0.0542902803145337,0.184068799673409
0.320174608390992,0,0.0957954447254294,0.0197826969419364
0.288790457251347,1.15463194561016e-14,0.0836682506711533,0.0436580624253826
0.298564285934031,8.88178419700125e-16,0.0609618079938996,0.137601147826801
0.260044870283555,2.59214871789482e-12,0.0660818269150142,0.106991375541582
0.320132983390967,0,0.0828516150205647,0.0522171881956841
0.339500498173732,0,0.0736936896904926,0.0687133545170993
0.261150871972328,1.41375799955767e-12,0.0823359017623293,0.0454065848550256
0.348909386120282,0,0.15511700321291,0.000182787932397455
0.291097619644573,6.66133814775094e-15,0.0894903345800191,0.0353834312777381
0.281348742090383,1.72972747236599e-13,0.0717180458990467,0.0873343738123982
0.296079897267501,1.17683640610267e-14,0.0862746771182643,0.033250407747941
0.305384260745935,2.22044604925031e-16,0.112086425365594,0.00637748124614523
0.334706472151364,0,0.0697423691330905,0.0962362252471294
0.306015286265501,6.66133814775094e-16,0.0787088361908744,0.0743448507019928
0.269272906635962,1.59428026336172e-13,0.0828312110766856,0.0431844984203984
0.261446635993897,4.2374992403893e-12,0.0811220214740503,0.0520842388995972
